title,new_slug,new_url,word_count,city_slug
Acc√®s 24/7 Self-Stockage Montpellier : Acteurs & S√©curit√© 2025,acces-24-7-self-stockage-montpellier,https://moverz.fr/blog/acces-24-7-self-stockage-montpellier/,431,montpellier
Acc√®s 24/7 Self-Stockage Strasbourg : Avantages & Acteurs 2025,acces-24-7-self-stockage-strasbourg,https://moverz.fr/blog/acces-24-7-self-stockage-strasbourg/,615,strasbourg
Accorder Piano Apr√®s D√©m√©nagement : Prix & D√©lai 2025,accorder-piano-apres-demenagement,https://moverz.fr/blog/accorder-piano-apres-demenagement/,591,
Aide Amis D√©m√©nagement Montpellier : Organisation & Remerciements,aide-amis-demenagement-montpellier,https://moverz.fr/blog/aide-amis-demenagement-montpellier/,581,montpellier
Aide Chargement Camion Lyon : Optimisation Volume 2025,aide-chargement-camion-lyon,https://moverz.fr/blog/aide-chargement-camion-lyon/,552,lyon
Aide Ponctuelle D√©m√©nagement Montpellier : Manutention 2h,aide-ponctuelle-demenagement-montpellier,https://moverz.fr/blog/aide-ponctuelle-demenagement-montpellier/,419,montpellier
"Aides Financi√®res D√©m√©nagement Rennes : CAF, Action Logement, FSL",aides-financieres-demenagement-rennes-caf,https://moverz.fr/blog/aides-financieres-demenagement-rennes-caf/,699,rennes
Assurance Garde-Meuble Obligatoire ? Couverture & Prix 2025,assurance-garde-meuble-obligatoire,https://moverz.fr/blog/assurance-garde-meuble-obligatoire/,381,
Assurance Location Utilitaire D√©m√©nagement Strasbourg,assurance-location-utilitaire-demenagement-strasbourg,https://moverz.fr/blog/assurance-location-utilitaire-demenagement-strasbourg/,403,strasbourg
"Assurance Location Utilitaire Nice : RC, Tous Risques, Franchise 2025",assurance-location-utilitaire-nice,https://moverz.fr/blog/assurance-location-utilitaire-nice/,457,nice
Avis D√©m√©nageurs Nice : Comment Identifier les Professionnels Fiables ?,avis-demenageurs-nice-guide,https://moverz.fr/blog/avis-demenageurs-nice-guide/,651,nice
BATCH PRODUCTION PILIERS 06-07 - ROUEN (20 Satellites),batch-piliers-06-07-complet,https://moverz.fr/blog/batch-piliers-06-07-complet/,439,rouen
Box Temp√©rature Contr√¥l√©e Montpellier : Objets Sensibles 2025,box-temperature-controlee-montpellier,https://moverz.fr/blog/box-temperature-controlee-montpellier/,428,montpellier
Budget D√©m√©nagement Marseille : Estimation Compl√®te 2025,budget-demenagement-marseille-estimation-2025,https://moverz.fr/blog/budget-demenagement-marseille-estimation-2025/,513,marseille
Comment Calculer le Prix de son D√©m√©nagement √† Nice ? Guide 2025,calculer-prix-demenagement-nice,https://moverz.fr/blog/calculer-prix-demenagement-nice/,595,nice
O√π Trouver des Cartons Gratuits √† Nice pour D√©m√©nager ? 2025,cartons-gratuits-nice-ou-trouver,https://moverz.fr/blog/cartons-gratuits-nice-ou-trouver/,603,nice
Cartons Gratuits Rennes : O√π Trouver et R√©cup√©rer en 2025,cartons-gratuits-rennes,https://moverz.fr/blog/cartons-gratuits-rennes/,499,rennes
"Caution Location Camion Nice : Montant, CB, Restitution 2025",caution-location-camion-nice,https://moverz.fr/blog/caution-location-camion-nice/,475,nice
Caution Location Camion Rennes : Montants et Restitution 2025,caution-location-camion-rennes,https://moverz.fr/blog/caution-location-camion-rennes/,386,rennes
Check-List D√©m√©nagement International : Planning Complet 2025,checklist-demenagement-international,https://moverz.fr/blog/checklist-demenagement-international/,559,
Choisir D√©m√©nageur International Montpellier : Crit√®res & Avis,choisir-demenageur-international-montpellier,https://moverz.fr/blog/choisir-demenageur-international-montpellier/,488,montpellier
"Combien Donner Aide D√©m√©nagement ? Repas, Cadeau, Montant",combien-donner-aide-demenagement,https://moverz.fr/blog/combien-donner-aide-demenagement/,381,
Comparateur Devis D√©m√©nagement Nice : √âconomiser 30-50% en 2025,comparateur-devis-demenagement-nice,https://moverz.fr/blog/comparateur-devis-demenagement-nice/,476,nice
"Comparatif D√©m√©nageurs Nice 2025 : Prix, Services, Avis",comparatif-demenageurs-nice,https://moverz.fr/blog/comparatif-demenageurs-nice/,624,nice
Comparatif Prix D√©m√©nageurs Rennes : √âconomisez jusqu'√† 40%,comparatif-prix-demenageurs-rennes,https://moverz.fr/blog/comparatif-prix-demenageurs-rennes/,511,rennes
Conduire un Camion dans le Vieux-Nice : Conseils et Pr√©cautions 2025,conduire-camion-vieux-nice-conseils,https://moverz.fr/blog/conduire-camion-vieux-nice-conseils/,505,nice
Conseils Conduite Camion D√©m√©nagement Rennes : S√©curit√© 2025,conseils-conduite-camion-demenagement-rennes,https://moverz.fr/blog/conseils-conduite-camion-demenagement-rennes/,392,rennes
"D√©lai D√©m√©nagement International depuis Nice : UE 3-5j, Hors-UE 7-14j",delai-demenagement-international-nice,https://moverz.fr/blog/delai-demenagement-international-nice/,429,nice
D√©lais D√©m√©nagement International : Planning & Timing 2025,delais-demenagement-international,https://moverz.fr/blog/delais-demenagement-international/,544,
R√©mun√©ration Amis D√©m√©nagement Lyon : √âthique 50-100‚Ç¨ 2025,demenagement-amis-remuneration-lyon,https://moverz.fr/blog/demenagement-amis-remuneration-lyon/,503,lyon
"D√©m√©nagement Archives Entreprise Nice : Stockage, Tri, Destruction",demenagement-archives-entreprise-nice,https://moverz.fr/blog/demenagement-archives-entreprise-nice/,490,nice
"D√©m√©nagement Bureaux Entreprise Nice : Prix, Planning, Solutions 2025",demenagement-bureaux-entreprise-nice,https://moverz.fr/blog/demenagement-bureaux-entreprise-nice/,388,nice
"D√©m√©nagement Cabinet M√©dical Nice : Planning, Prix, Mat√©riel Sensible",demenagement-cabinet-medical-nice,https://moverz.fr/blog/demenagement-cabinet-medical-nice/,350,nice
D√©m√©nagement Centre Historique Rennes : Contraintes et Prix,demenagement-centre-historique-rennes,https://moverz.fr/blog/demenagement-centre-historique-rennes/,406,rennes
D√©m√©nagement Chambre √âtudiant Nice : 9-12m¬≤ Prix et Solutions 2025,demenagement-chambre-etudiant-nice,https://moverz.fr/blog/demenagement-chambre-etudiant-nice/,453,nice
D√©m√©nagement Chambre √âtudiante Montpellier : Prix & Conseils,demenagement-chambre-etudiante-montpellier,https://moverz.fr/blog/demenagement-chambre-etudiante-montpellier/,408,montpellier
"D√©m√©nagement Colocation Nice : Chambre, Partiel, Prix 2025",demenagement-colocation-nice,https://moverz.fr/blog/demenagement-colocation-nice/,535,nice
D√©m√©nagement Dimanche Marseille : Surco√ªt et Disponibilit√© 2025,demenagement-dimanche-marseille-surcout,https://moverz.fr/blog/demenagement-dimanche-marseille-surcout/,421,marseille
"D√©m√©nagement Dimanche Strasbourg : Surco√ªt +30%, Avantages 2025",demenagement-dimanche-strasbourg,https://moverz.fr/blog/demenagement-dimanche-strasbourg/,635,strasbourg
D√©m√©nagement Entre Amis Strasbourg,demenagement-entre-amis-strasbourg,https://moverz.fr/blog/demenagement-entre-amis-strasbourg/,378,strasbourg
D√©m√©nagement Entreprise Weekend Nice : 0 Interruption Activit√©,demenagement-entreprise-weekend-nice,https://moverz.fr/blog/demenagement-entreprise-weekend-nice/,442,nice
D√©m√©nagement √âtage Sans Ascenseur Rennes : Prix et Solutions,demenagement-etage-sans-ascenseur-rennes,https://moverz.fr/blog/demenagement-etage-sans-ascenseur-rennes/,391,rennes
D√©m√©nagement √âtudiant Montpellier : Toutes les Solutions √âconomiques,demenagement-etudiant-montpellier-solutions-economiques,https://moverz.fr/blog/demenagement-etudiant-montpellier-solutions-economiques/,424,montpellier
D√©m√©nagement √âtudiant Pas Cher Nice : Solutions 35 000 √âtudiants,demenagement-etudiant-pas-cher-nice,https://moverz.fr/blog/demenagement-etudiant-pas-cher-nice/,679,nice
D√©m√©nagement √âtudiant Pas Cher Rennes : Budget 50-150‚Ç¨,demenagement-etudiant-pas-cher-rennes,https://moverz.fr/blog/demenagement-etudiant-pas-cher-rennes/,589,rennes
D√©m√©nagement √âtudiant Petit Budget Montpellier : Solutions 2025,demenagement-etudiant-petit-budget-montpellier,https://moverz.fr/blog/demenagement-etudiant-petit-budget-montpellier/,408,montpellier
"D√©m√©nagement Express Nice : Urgent, Rapide, M√™me Jour 2025",demenagement-express-rapide-nice,https://moverz.fr/blog/demenagement-express-rapide-nice/,471,nice
D√©m√©nagement F1/T1 Montpellier : Prix & Solutions 2025,demenagement-f1-t1-montpellier,https://moverz.fr/blog/demenagement-f1-t1-montpellier/,397,montpellier
"Formule √âconomique D√©m√©nagement Nice : Prix, Prestations 2025",demenagement-formule-economique-nice,https://moverz.fr/blog/demenagement-formule-economique-nice/,666,nice
D√©m√©nagement Garantie Toulouse : Garanties et Engagements Qualit√©,demenagement-garantie-toulouse,https://moverz.fr/blog/demenagement-garantie-toulouse/,636,toulouse
D√©m√©nagement Group√© Nice : √âconomiser 30-40% en Partageant Camion,demenagement-groupe-nice,https://moverz.fr/blog/demenagement-groupe-nice/,515,nice
"D√©m√©nagement Nice Italie : Prix, Formalit√©s, D√©lais 2025",demenagement-international-nice-italie,https://moverz.fr/blog/demenagement-international-nice-italie/,441,nice
"D√©m√©nagement Nice Suisse : Prix, Douane, D√©lais Gen√®ve-Zurich 2025",demenagement-international-nice-suisse,https://moverz.fr/blog/demenagement-international-nice-suisse/,425,nice
"D√©m√©nagement Locaux Commerciaux Nice : Commerce, Boutique, Restaurant",demenagement-locaux-commerciaux-nice,https://moverz.fr/blog/demenagement-locaux-commerciaux-nice/,430,nice
"D√©m√©nagement Longue Distance depuis Nice : Prix Paris, Lyon, Marseille 2025",demenagement-longue-distance-depuis-nice,https://moverz.fr/blog/demenagement-longue-distance-depuis-nice/,571,nice
D√©m√©nagement Longue Distance Rennes : Prix Paris Nantes Lyon,demenagement-longue-distance-rennes,https://moverz.fr/blog/demenagement-longue-distance-rennes/,445,lyon
D√©m√©nagement Mat√©riel Toulouse : √âquipement Professionnel et Adapt√©,demenagement-materiel-toulouse,https://moverz.fr/blog/demenagement-materiel-toulouse/,667,toulouse
"D√©m√©nagement Personnes √Çg√©es Nice : Aides, Services, Prix 2025",demenagement-personnes-agees-nice,https://moverz.fr/blog/demenagement-personnes-agees-nice/,446,nice
D√©m√©nagement Petit Budget Nice : Solutions Moins de 500‚Ç¨ en 2025,demenagement-petit-budget-nice,https://moverz.fr/blog/demenagement-petit-budget-nice/,501,nice
"D√©m√©nager un Piano Droit √† Nice : Prix, Protection, √âtapes 2025",demenagement-piano-droit-nice,https://moverz.fr/blog/demenagement-piano-droit-nice/,400,nice
D√©m√©nagement Piano Droit Strasbourg,demenagement-piano-droit-strasbourg,https://moverz.fr/blog/demenagement-piano-droit-strasbourg/,390,strasbourg
D√©m√©nagement Piano √âtages Montpellier : Surco√ªts & Monte-Meuble,demenagement-piano-etages-montpellier,https://moverz.fr/blog/demenagement-piano-etages-montpellier/,552,montpellier
"D√©m√©nagement Piano avec Monte-Meuble Nice : Vieux-Nice, Cimiez 2025",demenagement-piano-monte-meuble-nice,https://moverz.fr/blog/demenagement-piano-monte-meuble-nice/,611,nice
"D√©m√©nagement Piano Nice : Prix, Sp√©cialistes, Monte-Meuble 2025",demenagement-piano-nice-prix,https://moverz.fr/blog/demenagement-piano-nice-prix/,412,nice
"D√©m√©nagement sans Interruption Activit√© Nice : Weekend, Nuit, Planning",demenagement-sans-interruption-activite-nice,https://moverz.fr/blog/demenagement-sans-interruption-activite-nice/,499,nice
D√©m√©nagement Satisfaction Toulouse : Satisfaction Client Garantie,demenagement-satisfaction-toulouse,https://moverz.fr/blog/demenagement-satisfaction-toulouse/,624,toulouse
D√©m√©nagement Strasbourg Suisse,demenagement-strasbourg-suisse,https://moverz.fr/blog/demenagement-strasbourg-suisse/,384,strasbourg
D√©m√©nagement Studio Montpellier : Prix & Guide Complet 2025,demenagement-studio-montpellier,https://moverz.fr/blog/demenagement-studio-montpellier/,489,montpellier
"D√©m√©nagement Studio Nice : Prix, Solutions et Conseils 2025",demenagement-studio-nice-prix,https://moverz.fr/blog/demenagement-studio-nice-prix/,417,nice
D√©m√©nagement Weekend vs Semaine Nice : √âconomie 200-400‚Ç¨,demenagement-weekend-vs-semaine-nice,https://moverz.fr/blog/demenagement-weekend-vs-semaine-nice/,471,nice
D√©m√©nager Seul √† Nice : Guide Complet et Co√ªts 2025,demenager-seul-nice-guide,https://moverz.fr/blog/demenager-seul-nice-guide/,672,nice
D√©m√©nager Soi-M√™me √† Rennes : Guide Complet et √âconomies,demenager-soi-meme-rennes-guide,https://moverz.fr/blog/demenager-soi-meme-rennes-guide/,601,rennes
D√©m√©nager le Dimanche ou en Soir√©e √† Nice : Surco√ªt et Disponibilit√©,demenageur-dimanche-soir-nice,https://moverz.fr/blog/demenageur-dimanche-soir-nice/,476,nice
D√©m√©nageur Monte-Meuble Strasbourg : Quand N√©cessaire ? Prix 2025,demenageur-monte-meuble-strasbourg,https://moverz.fr/blog/demenageur-monte-meuble-strasbourg/,621,strasbourg
D√©m√©nageurs Sp√©cialis√©s Piano Montpellier : Experts & Certifications,demenageurs-specialises-piano-montpellier,https://moverz.fr/blog/demenageurs-specialises-piano-montpellier/,584,montpellier
Devis D√©m√©nagement Nice Gratuit : Comment Obtenir et Comparer ? 2025,devis-demenagement-nice-gratuit,https://moverz.fr/blog/devis-demenagement-nice-gratuit/,531,nice
Devis D√©m√©nagement Rennes Gratuit : Comparez et √âconomisez,devis-demenagement-rennes-gratuit,https://moverz.fr/blog/devis-demenagement-rennes-gratuit/,360,rennes
"Dur√©e Location Garde-Meuble Strasbourg : 1 Mois, 6 Mois ou 1 An ?",duree-location-garde-meuble-strasbourg,https://moverz.fr/blog/duree-location-garde-meuble-strasbourg/,638,strasbourg
Dur√©e Minimum Location Box Montpellier : Contrats Flexibles 2025,duree-minimum-location-box-montpellier,https://moverz.fr/blog/duree-minimum-location-box-montpellier/,433,montpellier
Entraide D√©m√©nagement Rennes : Plateformes et Communaut√©s,entraide-demenagement-rennes-plateformes,https://moverz.fr/blog/entraide-demenagement-rennes-plateformes/,352,rennes
Erreurs √† √âviter D√©m√©nagement Piano : Pi√®ges & Risques 2025,erreurs-eviter-demenagement-piano,https://moverz.fr/blog/erreurs-eviter-demenagement-piano/,549,
Escaliers Piano Strasbourg,escaliers-piano-strasbourg,https://moverz.fr/blog/escaliers-piano-strasbourg/,417,strasbourg
Facteurs Prix D√©m√©nagement Rennes : Ce Qui Influence le Co√ªt,facteurs-prix-demenagement-rennes,https://moverz.fr/blog/facteurs-prix-demenagement-rennes/,570,rennes
FAQ Aide D√©m√©nagement Strasbourg,faq-aide-demenagement-strasbourg,https://moverz.fr/blog/faq-aide-demenagement-strasbourg/,416,strasbourg
FAQ D√©m√©nagement Entreprise Strasbourg,faq-demenagement-entreprise-strasbourg,https://moverz.fr/blog/faq-demenagement-entreprise-strasbourg/,372,strasbourg
FAQ D√©m√©nageur Strasbourg : 25 Questions & R√©ponses Compl√®tes 2025,faq-demenageur-strasbourg,https://moverz.fr/blog/faq-demenageur-strasbourg/,487,strasbourg
FAQ Location Camion Strasbourg,faq-location-camion-strasbourg,https://moverz.fr/blog/faq-location-camion-strasbourg/,364,strasbourg
FAQ Petit Volume Strasbourg,faq-petit-volume-strasbourg,https://moverz.fr/blog/faq-petit-volume-strasbourg/,390,strasbourg
FAQ Piano Strasbourg,faq-piano-strasbourg,https://moverz.fr/blog/faq-piano-strasbourg/,352,strasbourg
Formule √âconomique D√©m√©nageur Rennes : Prix et Services,formule-economique-demenageur-rennes,https://moverz.fr/blog/formule-economique-demenageur-rennes/,476,rennes
Formule √âconomique vs Cl√© en Main Marseille : Comparatif 2025,formule-economique-vs-cle-en-main-marseille,https://moverz.fr/blog/formule-economique-vs-cle-en-main-marseille/,585,marseille
Formule √âconomique vs Cl√© en Main Nice : Quelle Prestation Choisir ?,formule-economique-vs-cle-en-main-nice,https://moverz.fr/blog/formule-economique-vs-cle-en-main-nice/,422,nice
Garde-Meuble √âtudiant Pas Cher Montpellier : Guide 2025,garde-meuble-etudiant-pas-cher-montpellier,https://moverz.fr/blog/garde-meuble-etudiant-pas-cher-montpellier/,527,montpellier
Garde-Meuble Par Quartier Montpellier : Prix & Acteurs 2025,garde-meuble-par-quartier-montpellier,https://moverz.fr/blog/garde-meuble-par-quartier-montpellier/,627,montpellier
"Kilom√®tres Inclus Location Camion Nice : 100-150km/jour, Suppl√©ments",km-inclus-location-camion-nice,https://moverz.fr/blog/km-inclus-location-camion-nice/,562,nice
Leclerc vs Europcar Location Camion Rennes : Comparatif 2025,leclerc-vs-europcar-location-camion-rennes,https://moverz.fr/blog/leclerc-vs-europcar-location-camion-rennes/,399,rennes
Liste Compl√®te 52 Satellites G√©n√©r√©s - Nice,liste-complete-50-satellites-generes,https://moverz.fr/blog/liste-complete-50-satellites-generes/,443,nice
Location Camion D√©m√©nagement Rennes : Guide Complet 2025,location-camion-demenagement-rennes-guide,https://moverz.fr/blog/location-camion-demenagement-rennes-guide/,564,rennes
Location Camion Pas Cher Rennes : Tarifs et Bons Plans 2025,location-camion-pas-cher-rennes,https://moverz.fr/blog/location-camion-pas-cher-rennes/,467,rennes
Location Camionnette Petit D√©m√©nagement Montpellier : Guide,location-camionnette-petit-demenagement-montpellier,https://moverz.fr/blog/location-camionnette-petit-demenagement-montpellier/,381,montpellier
Manutention Escaliers Sp√©cifique Lyon : Vieux-Lyon Croix-Rousse,manutention-escaliers-specifique-lyon,https://moverz.fr/blog/manutention-escaliers-specifique-lyon/,467,lyon
Monte-Meuble Piano Rennes : Prix et N√©cessit√© 2025,monte-meuble-piano-rennes,https://moverz.fr/blog/monte-meuble-piano-rennes/,356,rennes
N√©gocier Prix D√©m√©nageur Rennes : Astuces et R√©ductions,negocier-prix-demenageur-rennes,https://moverz.fr/blog/negocier-prix-demenageur-rennes/,405,rennes
Optimiser le Volume D√©m√©nagement Rennes : √âconomisez 100-300‚Ç¨,optimiser-volume-demenagement-economiser-rennes,https://moverz.fr/blog/optimiser-volume-demenagement-economiser-rennes/,443,rennes
Quelle P√©riode pour D√©m√©nager Pas Cher √† Nice ? Calendrier 2025,periode-pas-chere-demenagement-nice,https://moverz.fr/blog/periode-pas-chere-demenagement-nice/,505,nice
Permis Camion D√©m√©nagement Rennes : B Suffit-il ? Guide 2025,permis-camion-demenagement-rennes,https://moverz.fr/blog/permis-camion-demenagement-rennes/,357,rennes
Quel Permis pour Louer un Camion de D√©m√©nagement √† Nice ? 2025,permis-conduire-camion-demenagement,https://moverz.fr/blog/permis-conduire-camion-demenagement/,466,nice
Petit D√©m√©nagement DIY Montpellier : Guide √âconomique Complet,petit-demenagement-diy-montpellier,https://moverz.fr/blog/petit-demenagement-diy-montpellier/,384,montpellier
Petit D√©m√©nagement Nice : Solutions et Prix pour Petits Volumes 2025,petit-demenagement-nice-solutions,https://moverz.fr/blog/petit-demenagement-nice-solutions/,362,nice
Piano Strasbourg Grande √éle,piano-strasbourg-grande-ile,https://moverz.fr/blog/piano-strasbourg-grande-ile/,435,strasbourg
PILIER 09 : Prix D√©m√©nagement Strasbourg - 10 Satellites,pilier-09-prix-demenagement-10-satellites,https://moverz.fr/blog/pilier-09-prix-demenagement-10-satellites/,596,strasbourg
"Plateformes Entraide D√©m√©nagement Montpellier : Yoojo, AlloVoisins",plateformes-entraide-demenagement-montpellier,https://moverz.fr/blog/plateformes-entraide-demenagement-montpellier/,387,montpellier
Pr√©parer Piano Pour D√©m√©nagement : Guide Protection 2025,preparer-piano-pour-demenagement,https://moverz.fr/blog/preparer-piano-pour-demenagement/,512,
Prix D√©m√©nagement Entreprise Lyon : Budget PME ETI 2025,prix-demenagement-entreprise-lyon,https://moverz.fr/blog/prix-demenagement-entreprise-lyon/,569,lyon
D√©m√©nagement pas cher √† Bordeaux : quels prix r√©els ?,prix-demenagement-pas-cher-bordeaux,https://moverz.fr/blog/prix-demenagement-pas-cher-bordeaux/,688,bordeaux
Prix D√©m√©nagement Piano Montpellier : Droit & Queue 2025,prix-demenagement-piano-montpellier,https://moverz.fr/blog/prix-demenagement-piano-montpellier/,675,montpellier
Prix D√©m√©nagement Studio Rennes : Budget et Formules 2025,prix-demenagement-studio-rennes,https://moverz.fr/blog/prix-demenagement-studio-rennes/,379,rennes
Prix D√©m√©nagement T2 Nice : Tarifs D√©taill√©s par Quartier 2025,prix-demenagement-t2-nice,https://moverz.fr/blog/prix-demenagement-t2-nice/,540,nice
Prix D√©m√©nageur Rennes T2/T3 : Tarifs et Devis 2025,prix-demenageur-rennes-t2-t3-2025,https://moverz.fr/blog/prix-demenageur-rennes-t2-t3-2025/,401,rennes
Prix Petit D√©m√©nagement Montpellier : Studio & Chambre 2025,prix-petit-demenagement-montpellier,https://moverz.fr/blog/prix-petit-demenagement-montpellier/,622,montpellier
Protection Piano Transport,protection-piano-transport,https://moverz.fr/blog/protection-piano-transport/,373,
Quelle Taille Box Garde-Meuble Choisir Montpellier ? Guide 2025,quelle-taille-box-garde-meuble-montpellier,https://moverz.fr/blog/quelle-taille-box-garde-meuble-montpellier/,610,montpellier
üìä RAPPORT FINAL - PRODUCTION 100 SATELLITES MONTPELLIER,rapport-final-production-montpellier,https://moverz.fr/blog/rapport-final-production-montpellier/,639,montpellier
Restituer Camion Plein Essence Strasbourg,restituer-camion-plein-essence-strasbourg,https://moverz.fr/blog/restituer-camion-plein-essence-strasbourg/,367,strasbourg
Restitution Camion Rennes : Horaires et R√®gles √† Respecter,restitution-camion-rennes-horaires,https://moverz.fr/blog/restitution-camion-rennes-horaires/,395,rennes
Self-Stockage vs Garde-Meuble Montpellier : Comparatif 2025,self-stockage-vs-garde-meuble-montpellier,https://moverz.fr/blog/self-stockage-vs-garde-meuble-montpellier/,654,montpellier
Stockage Pendant D√©m√©nagement Montpellier : Solutions Temporaires,stockage-pendant-demenagement-montpellier,https://moverz.fr/blog/stockage-pendant-demenagement-montpellier/,432,montpellier
Quelle Taille de Camion pour D√©m√©nager √† Nice ? Guide par Logement 2025,taille-camion-selon-logement-nice,https://moverz.fr/blog/taille-camion-selon-logement-nice/,372,nice
Tarif Horaire D√©m√©nageur Rennes : Prix Main d'≈íuvre 2025,tarif-horaire-demenageur-rennes,https://moverz.fr/blog/tarif-horaire-demenageur-rennes/,438,rennes